id,label
agenthallu/v1/BFCL/000,0
agenthallu/v1/BFCL/002,0
agenthallu/v1/BFCL/004,0
agenthallu/v1/BFCL/005,0
agenthallu/v1/BFCL/006,0
agenthallu/v1/BFCL/007,0
agenthallu/v1/BFCL/008,0
agenthallu/v1/BFCL/011,0
agenthallu/v1/BFCL/012,0
agenthallu/v1/BFCL/013,0
agenthallu/v1/BFCL/017,0
agenthallu/v1/BFCL/018,0
agenthallu/v1/BFCL/020,0
agenthallu/v1/BFCL/021,0
agenthallu/v1/BFCL/022,0
agenthallu/v1/BFCL/023,0
agenthallu/v1/BFCL/024,0
agenthallu/v1/BFCL/025,0
agenthallu/v1/BFCL/027,0
agenthallu/v1/BFCL/029,0
agenthallu/v1/BFCL/030,0
agenthallu/v1/BFCL/031,0
agenthallu/v1/BFCL/032,0
agenthallu/v1/BFCL/033,0
agenthallu/v1/BFCL/034,0
agenthallu/v1/BFCL/035,0
agenthallu/v1/BFCL/036,0
agenthallu/v1/BFCL/037,0
agenthallu/v1/BFCL/038,0
agenthallu/v1/BFCL/039,0
agenthallu/v1/BFCL/040,0
agenthallu/v1/BFCL/041,0
agenthallu/v1/BFCL/042,0
agenthallu/v1/BFCL/043,0
agenthallu/v1/BFCL/045,0
agenthallu/v1/BFCL/046,0
agenthallu/v1/BFCL/047,0
agenthallu/v1/BFCL/049,0
agenthallu/v1/BFCL/051,0
agenthallu/v1/BFCL/052,0
agenthallu/v1/BFCL/053,0
agenthallu/v1/BFCL/054,0
agenthallu/v1/BFCL/055,0
agenthallu/v1/BFCL/056,0
agenthallu/v1/BFCL/058,0
agenthallu/v1/BFCL/059,0
agenthallu/v1/BFCL/060,0
agenthallu/v1/BFCL/062,0
agenthallu/v1/BFCL/063,0
agenthallu/v1/BFCL/065,0
agenthallu/v1/BFCL/066,0
agenthallu/v1/BFCL/067,0
agenthallu/v1/BFCL/068,0
agenthallu/v1/BFCL/069,0
agenthallu/v1/BFCL/072,0
agenthallu/v1/BFCL/074,0
agenthallu/v1/BFCL/075,0
agenthallu/v1/BFCL/077,0
agenthallu/v1/BFCL/078,0
agenthallu/v1/BFCL/079,0
agenthallu/v1/BFCL/080,0
agenthallu/v1/BFCL/081,0
agenthallu/v1/BFCL/082,0
agenthallu/v1/BFCL/084,0
agenthallu/v1/BFCL/085,0
agenthallu/v1/BFCL/086,0
agenthallu/v1/BFCL/087,0
agenthallu/v1/BFCL/088,0
agenthallu/v1/BFCL/090,0
agenthallu/v1/BFCL/092,0
agenthallu/v1/BFCL/094,0
agenthallu/v1/BFCL/095,0
agenthallu/v1/BFCL/098,0
agenthallu/v1/BFCL/100,0
agenthallu/v1/BFCL/101,0
agenthallu/v1/BFCL/103,0
agenthallu/v1/BFCL/105,0
agenthallu/v1/BFCL/106,0
agenthallu/v1/BFCL/107,0
agenthallu/v1/BFCL/108,0
agenthallu/v1/BFCL/109,0
agenthallu/v1/BFCL/110,0
agenthallu/v1/BFCL/111,0
agenthallu/v1/BFCL/112,0
agenthallu/v1/BFCL/113,0
agenthallu/v1/BFCL/114,0
agenthallu/v1/BFCL/115,0
agenthallu/v1/BFCL/116,0
agenthallu/v1/BFCL/117,0
agenthallu/v1/BFCL/118,0
agenthallu/v1/BFCL/119,0
agenthallu/v1/BFCL/120,0
agenthallu/v1/BFCL/121,0
agenthallu/v1/BFCL/122,0
agenthallu/v1/BFCL/123,0
agenthallu/v1/BFCL/124,0
agenthallu/v1/BFCL/129,0
agenthallu/v1/BFCL/130,0
agenthallu/v1/BFCL/131,0
agenthallu/v1/BFCL/132,0
agenthallu/v1/BFCL/134,0
agenthallu/v1/BFCL/135,0
agenthallu/v1/BFCL/137,0
agenthallu/v1/BFCL/139,0
agenthallu/v1/BFCL/140,0
agenthallu/v1/BFCL/141,0
agenthallu/v1/BFCL/142,0
agenthallu/v1/BFCL/143,0
agenthallu/v1/BFCL/144,0
agenthallu/v1/BFCL/145,0
agenthallu/v1/BFCL/148,0
agenthallu/v1/BFCL/149,0
agenthallu/v1/BFCL/150,0
agenthallu/v1/BFCL/152,0
agenthallu/v1/BFCL/155,0
agenthallu/v1/BFCL/156,0
agenthallu/v1/BFCL/157,0
agenthallu/v1/BFCL/160,0
agenthallu/v1/BFCL/162,0
agenthallu/v1/BFCL/163,0
agenthallu/v1/Camel/000,0
agenthallu/v1/Camel/001,0
agenthallu/v1/Camel/004,0
agenthallu/v1/Camel/005,0
agenthallu/v1/Camel/008,0
agenthallu/v1/Camel/010,0
agenthallu/v1/Camel/012,0
agenthallu/v1/Camel/013,0
agenthallu/v1/Camel/014,0
agenthallu/v1/Camel/016,0
agenthallu/v1/Camel/017,0
agenthallu/v1/Camel/019,0
agenthallu/v1/Camel/021,0
agenthallu/v1/Camel/022,0
agenthallu/v1/Camel/024,0
agenthallu/v1/Camel/025,0
agenthallu/v1/Camel/027,0
agenthallu/v1/Camel/029,0
agenthallu/v1/Camel/030,0
agenthallu/v1/Camel/033,0
agenthallu/v1/Camel/034,0
agenthallu/v1/Camel/035,0
agenthallu/v1/Camel/036,0
agenthallu/v1/Camel/038,0
agenthallu/v1/Camel/043,0
agenthallu/v1/Camel/044,0
agenthallu/v1/Camel/046,0
agenthallu/v1/Camel/048,0
agenthallu/v1/Camel/049,0
agenthallu/v1/Camel/050,0
agenthallu/v1/Camel/051,0
agenthallu/v1/Camel/053,0
agenthallu/v1/Camel/054,0
agenthallu/v1/Camel/055,0
agenthallu/v1/Camel/056,0
agenthallu/v1/Camel/058,0
agenthallu/v1/Camel/059,0
agenthallu/v1/Camel/061,0
agenthallu/v1/Camel/062,0
agenthallu/v1/Camel/063,0
agenthallu/v1/Camel/064,0
agenthallu/v1/Camel/065,0
agenthallu/v1/Camel/067,0
agenthallu/v1/Camel/069,0
agenthallu/v1/Camel/071,0
agenthallu/v1/Camel/072,0
agenthallu/v1/Camel/073,0
agenthallu/v1/Camel/074,0
agenthallu/v1/Camel/076,0
agenthallu/v1/Camel/078,0
agenthallu/v1/Camel/083,0
agenthallu/v1/Camel/084,0
agenthallu/v1/Camel/085,0
agenthallu/v1/Camel/086,0
agenthallu/v1/Camel/087,0
agenthallu/v1/Camel/089,0
agenthallu/v1/Camel/090,0
agenthallu/v1/Camel/091,0
agenthallu/v1/Camel/092,0
agenthallu/v1/Magentic_One/000,0
agenthallu/v1/Magentic_One/002,0
agenthallu/v1/Magentic_One/004,0
agenthallu/v1/Magentic_One/005,0
agenthallu/v1/Magentic_One/007,0
agenthallu/v1/Magentic_One/008,0
agenthallu/v1/Magentic_One/010,0
agenthallu/v1/Magentic_One/012,0
agenthallu/v1/Magentic_One/013,0
agenthallu/v1/Magentic_One/014,0
agenthallu/v1/Magentic_One/016,0
agenthallu/v1/Magentic_One/017,0
agenthallu/v1/Magentic_One/018,0
agenthallu/v1/Magentic_One/020,0
agenthallu/v1/Magentic_One/021,0
agenthallu/v1/Magentic_One/022,0
agenthallu/v1/Magentic_One/024,0
agenthallu/v1/Magentic_One/025,0
agenthallu/v1/Magentic_One/026,0
agenthallu/v1/Magentic_One/028,0
agenthallu/v1/Magentic_One/031,0
agenthallu/v1/Magentic_One/032,0
agenthallu/v1/Magentic_One/033,0
agenthallu/v1/Magentic_One/034,0
agenthallu/v1/Magentic_One/036,0
agenthallu/v1/Magentic_One/038,0
agenthallu/v1/Magentic_One/041,0
agenthallu/v1/Magentic_One/042,0
agenthallu/v1/Magentic_One/043,0
agenthallu/v1/Magentic_One/045,0
agenthallu/v1/Magentic_One/047,0
agenthallu/v1/Magentic_One/049,0
agenthallu/v1/Magentic_One/051,0
agenthallu/v1/Magentic_One/052,0
agenthallu/v1/Magentic_One/053,0
agenthallu/v1/Magentic_One/054,0
agenthallu/v1/Magentic_One/055,0
agenthallu/v1/Magentic_One/056,0
agenthallu/v1/Magentic_One/057,0
agenthallu/v1/Magentic_One/058,0
agenthallu/v1/Magentic_One/059,0
agenthallu/v1/Magentic_One/060,0
agenthallu/v1/Magentic_One/061,0
agenthallu/v1/Magentic_One/062,0
agenthallu/v1/Magentic_One/064,0
agenthallu/v1/Magentic_One/066,0
agenthallu/v1/Magentic_One/067,0
agenthallu/v1/Magentic_One/068,0
agenthallu/v1/Magentic_One/069,0
agenthallu/v1/Magentic_One/070,0
agenthallu/v1/Magentic_One/071,0
agenthallu/v1/Magentic_One/074,0
agenthallu/v1/Magentic_One/075,0
agenthallu/v1/Magentic_One/077,0
agenthallu/v1/Magentic_One/078,0
agenthallu/v1/Magentic_One/079,0
agenthallu/v1/Magentic_One/080,0
agenthallu/v1/Magentic_One/081,0
agenthallu/v1/Magentic_One/083,0
agenthallu/v1/Magentic_One/084,0
agenthallu/v1/Magentic_One/085,0
agenthallu/v1/Magentic_One/088,0
agenthallu/v1/Magentic_One/091,0
agenthallu/v1/Magentic_One/092,0
agenthallu/v1/Octotools/000,0
agenthallu/v1/Octotools/001,0
agenthallu/v1/Octotools/002,0
agenthallu/v1/Octotools/004,0
agenthallu/v1/Octotools/006,0
agenthallu/v1/Octotools/007,0
agenthallu/v1/Octotools/008,0
agenthallu/v1/Octotools/010,0
agenthallu/v1/Octotools/011,0
agenthallu/v1/Octotools/012,0
agenthallu/v1/Octotools/014,0
agenthallu/v1/Octotools/017,0
agenthallu/v1/Octotools/018,0
agenthallu/v1/Octotools/021,0
agenthallu/v1/Octotools/024,0
agenthallu/v1/Octotools/025,0
agenthallu/v1/Octotools/026,0
agenthallu/v1/Octotools/027,0
agenthallu/v1/Octotools/029,0
agenthallu/v1/Octotools/030,0
agenthallu/v1/Octotools/031,0
agenthallu/v1/Octotools/034,0
agenthallu/v1/Octotools/035,0
agenthallu/v1/Octotools/037,0
agenthallu/v1/Octotools/038,0
agenthallu/v1/Octotools/039,0
agenthallu/v1/Octotools/040,0
agenthallu/v1/Octotools/041,0
agenthallu/v1/Octotools/043,0
agenthallu/v1/Octotools/044,0
agenthallu/v1/OpenDeepSearch/001,0
agenthallu/v1/OpenDeepSearch/002,0
agenthallu/v1/OpenDeepSearch/003,0
agenthallu/v1/OpenDeepSearch/004,0
agenthallu/v1/OpenDeepSearch/005,0
agenthallu/v1/OpenDeepSearch/007,0
agenthallu/v1/OpenDeepSearch/009,0
agenthallu/v1/OpenDeepSearch/010,0
agenthallu/v1/OpenDeepSearch/011,0
agenthallu/v1/OpenDeepSearch/013,0
agenthallu/v1/OpenDeepSearch/014,0
agenthallu/v1/OpenDeepSearch/015,0
agenthallu/v1/OpenDeepSearch/016,0
agenthallu/v1/OpenDeepSearch/017,0
agenthallu/v1/OpenDeepSearch/018,0
agenthallu/v1/OpenDeepSearch/019,0
agenthallu/v1/OpenDeepSearch/020,0
agenthallu/v1/OpenDeepSearch/021,0
agenthallu/v1/OpenDeepSearch/022,0
agenthallu/v1/OpenDeepSearch/023,0
agenthallu/v1/OpenDeepSearch/024,0
agenthallu/v1/OpenDeepSearch/025,0
agenthallu/v1/OpenDeepSearch/026,0
agenthallu/v1/OpenDeepSearch/030,0
agenthallu/v1/OpenDeepSearch/031,0
agenthallu/v1/OpenDeepSearch/034,0
agenthallu/v1/OpenDeepSearch/035,0
agenthallu/v1/OpenDeepSearch/036,0
agenthallu/v1/OpenDeepSearch/038,0
agenthallu/v1/OpenDeepSearch/040,0
agenthallu/v1/OpenDeepSearch/041,0
agenthallu/v1/OpenDeepSearch/042,0
agenthallu/v1/OpenDeepSearch/043,0
agenthallu/v1/OpenDeepSearch/046,0
agenthallu/v1/OpenDeepSearch/047,0
agenthallu/v1/OpenDeepSearch/048,0
agenthallu/v1/OpenDeepSearch/050,0
agenthallu/v1/OpenDeepSearch/051,0
agenthallu/v1/OpenDeepSearch/052,0
agenthallu/v1/OpenDeepSearch/053,0
agenthallu/v1/OpenDeepSearch/055,0
agenthallu/v1/OpenDeepSearch/056,0
agenthallu/v1/OpenDeepSearch/058,0
agenthallu/v1/OpenDeepSearch/061,0
agenthallu/v1/OpenDeepSearch/062,0
agenthallu/v1/OpenDeepSearch/063,0
agenthallu/v1/OpenDeepSearch/064,0
agenthallu/v1/OpenDeepSearch/065,0
agenthallu/v1/OpenDeepSearch/066,0
agenthallu/v1/OpenDeepSearch/067,0
agenthallu/v1/OpenDeepSearch/068,0
agenthallu/v1/OpenDeepSearch/069,0
agenthallu/v1/OpenDeepSearch/070,0
agenthallu/v1/OpenDeepSearch/074,0
agenthallu/v1/OpenDeepSearch/075,0
agenthallu/v1/OpenDeepSearch/076,0
agenthallu/v1/OpenDeepSearch/077,0
agenthallu/v1/OpenDeepSearch/079,0
agenthallu/v1/OpenDeepSearch/080,0
agenthallu/v1/OpenDeepSearch/082,0
agenthallu/v1/OpenDeepSearch/083,0
agenthallu/v1/OpenDeepSearch/085,0
agenthallu/v1/OpenDeepSearch/087,0
agenthallu/v1/OpenDeepSearch/088,0
agenthallu/v1/OpenDeepSearch/089,0
agenthallu/v1/OpenDeepSearch/092,0
agenthallu/v1/OpenDeepSearch/093,0
agenthallu/v1/OpenDeepSearch/094,0
agenthallu/v1/OpenDeepSearch/095,0
agenthallu/v1/OpenDeepSearch/096,0
agenthallu/v1/OpenDeepSearch/097,0
agenthallu/v1/OpenDeepSearch/098,0
agenthallu/v1/OpenDeepSearch/099,0
agenthallu/v1/OpenManus/001,0
agenthallu/v1/OpenManus/002,0
agenthallu/v1/OpenManus/004,0
agenthallu/v1/OpenManus/005,0
agenthallu/v1/OpenManus/006,0
agenthallu/v1/OpenManus/007,0
agenthallu/v1/OpenManus/009,0
agenthallu/v1/OpenManus/011,0
agenthallu/v1/OpenManus/012,0
agenthallu/v1/OpenManus/013,0
agenthallu/v1/OpenManus/016,0
agenthallu/v1/OpenManus/017,0
agenthallu/v1/OpenManus/018,0
agenthallu/v1/OpenManus/019,0
agenthallu/v1/OpenManus/021,0
agenthallu/v1/OpenManus/022,0
agenthallu/v1/OpenManus/023,0
agenthallu/v1/OpenManus/025,0
agenthallu/v1/OpenManus/026,0
agenthallu/v1/OpenManus/027,0
agenthallu/v1/OpenManus/029,0
agenthallu/v1/OpenManus/030,0
agenthallu/v1/OpenManus/032,0
agenthallu/v1/OpenManus/033,0
agenthallu/v1/OpenManus/034,0
agenthallu/v1/OpenManus/035,0
agenthallu/v1/OpenManus/036,0
agenthallu/v1/OpenManus/037,0
agenthallu/v1/OpenManus/038,0
agenthallu/v1/OpenManus/039,0
agenthallu/v1/OpenManus/040,0
agenthallu/v1/OpenManus/042,0
agenthallu/v1/OpenManus/043,0
agenthallu/v1/OpenManus/044,0
agenthallu/v1/OpenManus/046,0
agenthallu/v1/OpenManus/047,0
agenthallu/v1/OpenManus/048,0
agenthallu/v1/OpenManus/049,0
agenthallu/v1/OpenManus/050,0
agenthallu/v1/OpenManus/051,0
agenthallu/v1/OpenManus/052,0
agenthallu/v1/OpenManus/054,0
agenthallu/v1/OpenManus/055,0
agenthallu/v1/OpenManus/056,0
agenthallu/v1/OpenManus/058,0
agenthallu/v1/OpenManus/059,0
agenthallu/v1/OpenManus/060,0
agenthallu/v1/OpenManus/061,0
agenthallu/v1/OpenManus/062,0
agenthallu/v1/OpenManus/063,0
agenthallu/v1/OpenManus/065,0
agenthallu/v1/OpenManus/066,0
agenthallu/v1/OpenManus/069,0
agenthallu/v1/OpenManus/070,0
agenthallu/v1/OpenManus/071,0
agenthallu/v1/OpenManus/072,0
agenthallu/v1/OpenManus/074,0
agenthallu/v1/OpenManus/075,0
agenthallu/v1/OpenManus/077,0
agenthallu/v1/OpenManus/079,0
agenthallu/v1/OpenManus/081,0
agenthallu/v1/OpenManus/083,0
agenthallu/v1/OpenManus/084,0
agenthallu/v1/OpenManus/085,0
agenthallu/v1/OpenManus/086,0
agenthallu/v1/OpenManus/087,0
agenthallu/v1/OpenManus/088,0
agenthallu/v1/OpenManus/089,0
agenthallu/v1/OpenManus/091,0
agenthallu/v1/OpenManus/093,0
agenthallu/v1/OpenManus/094,0
agenthallu/v1/OpenManus/095,0
agenthallu/v1/OpenManus/096,0
agenthallu/v1/OpenManus/098,0
agenthallu/v1/OpenManus/099,0
agenthallu/v1/OpenManus/101,0
agenthallu/v1/OpenManus/102,0
agenthallu/v1/OpenManus/103,0
agenthallu/v1/SmolAgents/000,0
agenthallu/v1/SmolAgents/001,0
agenthallu/v1/SmolAgents/004,0
agenthallu/v1/SmolAgents/005,0
agenthallu/v1/SmolAgents/008,0
agenthallu/v1/SmolAgents/010,0
agenthallu/v1/SmolAgents/012,0
agenthallu/v1/SmolAgents/013,0
agenthallu/v1/SmolAgents/015,0
agenthallu/v1/SmolAgents/016,0
agenthallu/v1/SmolAgents/018,0
agenthallu/v1/SmolAgents/019,0
agenthallu/v1/SmolAgents/020,0
agenthallu/v1/SmolAgents/022,0
agenthallu/v1/SmolAgents/023,0
agenthallu/v1/SmolAgents/024,0
agenthallu/v1/SmolAgents/027,0
agenthallu/v1/SmolAgents/030,0
agenthallu/v1/SmolAgents/032,0
agenthallu/v1/SmolAgents/033,0
agenthallu/v1/SmolAgents/038,0
agenthallu/v1/SmolAgents/039,0
agenthallu/v1/SmolAgents/040,0
agenthallu/v1/SmolAgents/041,0
agenthallu/v1/SmolAgents/044,0
agenthallu/v1/SmolAgents/045,0
agenthallu/v1/SmolAgents/046,0
agenthallu/v1/SmolAgents/048,0
agenthallu/v1/SmolAgents/049,0
agenthallu/v1/SmolAgents/050,0
agenthallu/v1/SmolAgents/051,0
agenthallu/v1/SmolAgents/053,0
agenthallu/v1/SmolAgents/054,0
agenthallu/v1/SmolAgents/056,0
agenthallu/v1/SmolAgents/057,0
agenthallu/v1/SmolAgents/058,0
agenthallu/v1/SmolAgents/059,0
agenthallu/v1/SmolAgents/060,0
agenthallu/v1/SmolAgents/061,0
agenthallu/v1/SmolAgents/062,0
agenthallu/v1/SmolAgents/063,0
agenthallu/v1/SmolAgents/064,0
agenthallu/v1/SmolAgents/065,0
agenthallu/v1/SmolAgents/066,0
agenthallu/v1/SmolAgents/067,0
agenthallu/v1/SmolAgents/069,0
agenthallu/v1/SmolAgents/070,0
agenthallu/v1/SmolAgents/071,0
agenthallu/v1/SmolAgents/072,0
agenthallu/v1/SmolAgents/073,0
agenthallu/v1/SmolAgents/074,0
agenthallu/v1/SmolAgents/075,0
agenthallu/v1/SmolAgents/076,0
agenthallu/v1/SmolAgents/077,0
agenthallu/v1/SmolAgents/079,0
agenthallu/v1/SmolAgents/081,0
agenthallu/v1/SmolAgents/083,0
agenthallu/v1/SmolAgents/084,0
agenthallu/v1/SmolAgents/085,0
agenthallu/v1/SmolAgents/086,0
agenthallu/v1/SmolAgents/087,0
agenthallu/v1/SmolAgents/088,0
agenthallu/v1/SmolAgents/089,0
agenthallu/v1/SmolAgents/090,0
